<application>
  <component name="CodotaSettings">
    <option name="methodCompletionsPercentageSet" value="true" />
    <option name="id" value="f6f727a1-1450-4f14-a413-ad7b65bf51ed" />
    <option name="wasRunBefore" value="true" />
    <option name="firstRun" value="1648461230180" />
    <option name="generation" value="129" />
    <option name="updateGeneration" value="1" />
    <option name="isInJSBeta" value="YES" />
    <option name="isMethodCompletionsPercentageActive" value="true" />
    <option name="isMethodCompletionsPercentageSet" value="true" />
    <option name="testedFeatureFlags">
      <set>
        <option value="deep-completions" />
      </set>
    </option>
    <option name="usedLanguages">
      <set>
        <option value="java" />
        <option value="javascript" />
      </set>
    </option>
    <option name="lastTabnineRecommendationDisplayDate" value="1652105929020" />
  </component>
</application>