<application>
  <component name="ProjectManager">
    <defaultProject>
      <component name="GiteeDefaultAccount">
        <option name="defaultAccountId" value="5ef731f1-7b86-4060-9b7d-88deb52cdfa5" />
      </component>
      <component name="MavenImportPreferences">
        <option name="generalSettings">
          <MavenGeneralSettings>
            <option name="userSettingsFile" value="D:\Environment\Maven\conf\settings.xml" />
          </MavenGeneralSettings>
        </option>
      </component>
      <component name="PropertiesComponent">
        <property name="last_opened_file_path" value="D:/Temp" />
        <property name="nodejs_interpreter_path.stuck_in_default_project" value="undefined stuck path" />
        <property name="nodejs_npm_path_reset_for_default_project" value="true" />
        <property name="settings.editor.selected.configurable" value="MavenSettings" />
      </component>
    </defaultProject>
  </component>
</application>