<application>
  <component name="UpdatesConfigurable">
    <option name="CHECK_NEEDED" value="false" />
    <ignoredBuildNumbers>
      <item value="221.5080.210" />
    </ignoredBuildNumbers>
    <option name="LAST_BUILD_CHECKED" value="IU-211.7628.21" />
    <option name="LAST_TIME_CHECKED" value="1652100420070" />
    <pluginHosts>
      <item value="https://plugins.zhile.io" />
    </pluginHosts>
    <option name="PLUGINS_CHECK_NEEDED" value="false" />
    <option name="THIRD_PARTY_PLUGINS_ALLOWED" value="true" />
  </component>
</application>